bb02_mri0_mask,bb02_mri3_mask,bb02_mri6_mask,bb04_mri0_mask,bb04_mri6_mask,bb05_mri0_mask,bb05_mri3_mask,bb05_mri6_mask,bb07_mri0_mask,bb07_mri3_mask,bb07_mri6_mask,bb11_mri0_mask,bb11_mri3_mask,bb11_mri6_mask,bb12_mri3_mask,bb12_mri6_mask,bb14_mri0_mask,bb14_mri3_mask,bb14_mri6_mask,bb15_mri3_mask,bb17_mri0_mask,bb19_mri6_mask,bb22_mri0_mask,bb24_mri3_mask,bb27_mri0_mask,bb28_mri3_mask,bb28_mri6_mask,bb28_mri12_mask,bb32_mri0_mask,bb32_mri6_mask,bb32_mri12_mask,bb33_mri3_mask,bb33_mri6_mask,bb35_mri6_mask,bb37_mri0_mask,bb37_mri6_mask,bb37_mri12_mask,bb40_mri3_mask,bb40_mri6_mask,bb40_mri12_mask,bb41_mri0_mask,bb42_mri3_mask,bb42_mri6_mask,bb42_mri12_mask,bb44_mri0_mask,bb46_mri0_mask,bb46_mri3_mask,bb51_mri0_mask,bb51_mri3_mask,bb52_mri6_mask,bb53_mri0_mask,bb55_mri12_mask,bb56_mri0_mask,bb56_mri6_mask,bb56_mri12_mask,bb59_mri0_mask,bb62_mri0_mask,bb62_mri6_mask,bb62_mri12_mask,bb63_mri0_mask,bb64_mri0_mask,bb64_mri6_mask,bb66_mri6_mask,bb67_mri0_mask,bb67_mri3_mask,bb69_mri0_mask,bb69_mri3_mask,bb75_mri0_mask,bb75_mri3_mask,bb77_mri0_mask,bb77_mri3_mask,bb78_mri0_mask,bb78_mri3_mask,bb79_mri0_mask,bb82_mri6_mask,bb61_mri12_mask,bb50_mri3_mask,bb47_mri6_mask,bb47_mri12_mask
0.468287914991379,0.505731165409088,0.561619281768799,0.424661666154861,0.654597640037537,0.38699021935463,0.497631251811981,0.582291781902313,0.46655085682869,0.509208559989929,0.552274167537689,0.494336634874344,0.479981958866119,0.574245750904083,0.533510386943817,0.583949685096741,0.521479785442352,0.514537990093231,0.680940806865692,0.512585937976837,0.481876313686371,0.603556275367737,0.48301374912262,0.533688187599182,0.467724710702896,0.510464787483215,0.590318858623505,0.814412534236908,0.420955270528793,0.708534717559814,0.65446799993515,0.560848712921143,0.597800612449646,0.589787840843201,0.455413341522217,0.529015064239502,0.665329337120056,0.550077140331268,0.566069304943085,0.633174538612366,0.500854253768921,0.696613430976868,0.65008682012558,0.708682715892792,0.467579811811447,0.404021114110947,0.538310587406158,0.504309058189392,0.592523753643036,0.618466317653656,0.39562252163887,0.856235265731812,0.477324396371841,0.661805927753448,0.852688133716583,0.419530868530273,0.471987843513489,0.588484168052673,0.766741693019867,0.46923354268074,0.459508389234543,0.540570259094238,0.587757408618927,0.475296020507812,0.597602963447571,0.379341453313828,0.558063685894012,0.391641288995743,0.52655816078186,0.422653347253799,0.544503509998322,0.395160049200058,0.532651901245117,0.442669063806534,0.533658266067505,0.730881214141846,0.500918090343475,0.674311697483063,0.685683071613312
0.4407120517322,0.506039781229837,0.589215500014169,0.45761493912765,0.621746510267258,0.401397679533277,0.511062577366829,0.601044625043869,0.443064598100526,0.512912841779845,0.563950334276472,0.493988907762936,0.476378328033856,0.556549889700753,0.535073565585273,0.607563819204058,0.516808884484427,0.521082882370268,0.671571769884655,0.522355156285422,0.472534318055425,0.60422443492072,0.484976538590022,0.536652215889522,0.463717584099088,0.525436584438596,0.587035732609885,0.72245289172445,0.423254753862108,0.68718518103872,0.718345527138029,0.557038911751338,0.582688293286732,0.598148171390806,0.462285424981798,0.561975368431636,0.711902482169015,0.553455416645322,0.576149553060532,0.658224212271827,0.487759717873165,0.718658255679267,0.668911065374102,0.743691022906985,0.453885553138597,0.415727298174586,0.551452534539359,0.447790739791734,0.593326359987259,0.643291132790702,0.407822238547461,0.700932213238307,0.459102956312043,0.634778631584985,0.792302020958492,0.427395752498082,0.437471979430744,0.589791204248156,0.729200635637556,0.468628634299551,0.455927499702999,0.55786006791251,0.566817722150258,0.451398421611105,0.577557380710329,0.434091365763119,0.551205085856574,0.425014248916081,0.512810340949467,0.453231892415455,0.513580098748207,0.426628855722291,0.547309739249093,0.426573502165931,0.558013019817216,0.638950215918677,0.525017133780888,0.655810002769743,0.702063522168568
0.450076568585176,0.513102163489048,0.587965433414166,0.44251988025812,0.60479559806677,0.432401832479697,0.515645228899442,0.604746341705322,0.446478066536096,0.508744714351801,0.573985310701223,0.484571447739234,0.489745056399932,0.576040201462232,0.536496980832173,0.593350813939021,0.498309349784484,0.524015767069963,0.657525532520734,0.527014734653326,0.487541634302873,0.601903899357869,0.483944961657891,0.537706890931496,0.448297391717251,0.519465166788835,0.599323323139778,0.700903883347144,0.434655366035608,0.710855348752095,0.741479804882636,0.561850912295855,0.591314366230598,0.600821125965852,0.472443911891717,0.566971162190804,0.674048563608756,0.561606425505418,0.580391709621136,0.658015785308985,0.496994273020671,0.694941749939552,0.664024417216961,0.722812498991306,0.465785425442916,0.439826949284627,0.550458011718897,0.449628082605509,0.589623829493156,0.632398201869084,0.409707115246699,0.71172111080243,0.448561495313278,0.59876952950771,0.820105428879078,0.4302852921761,0.440314145042346,0.593869612767146,0.758982967871886,0.476293922616885,0.462701327525652,0.558828445581289,0.565241153423603,0.454991227159133,0.582980708434032,0.452911598178057,0.550404793941058,0.419502111581656,0.510235548019409,0.440290271089627,0.515220021972289,0.420869121184716,0.54761515213893,0.437617276723568,0.55680309350674,0.660753240952125,0.520377985559977,0.642492789488572,0.709222798164074
0.447713135608605,0.508360292230334,0.585360286491258,0.432761239153998,0.594318251524653,0.439403653144836,0.509129223014627,0.616891980171204,0.450808368623257,0.504035746412618,0.560067236423492,0.469393375728812,0.499327506337847,0.57896614074707,0.533308067492076,0.580440751143864,0.486130434487547,0.522816992231778,0.649565820183073,0.518159542764936,0.483329663319247,0.595282113977841,0.478804039103644,0.533130853303841,0.455254296106952,0.519973028983389,0.59525739295142,0.690445906349591,0.442131219165666,0.685468475733485,0.737304104225976,0.567520577992712,0.595738549317632,0.615397142512458,0.471554096255984,0.571532426135881,0.658633436475481,0.565793509994234,0.57613645706858,0.64448299578258,0.491889376725469,0.696440511516162,0.652216970920563,0.724590661270278,0.466070493417127,0.455297739378044,0.548827773758343,0.450498230755329,0.577645895736558,0.628575810364315,0.411942212709359,0.694095115576472,0.435601261045252,0.574528285435268,0.750576681324414,0.431554182299546,0.443564600178174,0.59870671587331,0.729180908628872,0.477956270532949,0.46007197030953,0.559947196926389,0.560569658875465,0.442913692976747,0.583090416022709,0.464826185788427,0.547043138316699,0.416517291750227,0.510415541274207,0.433975575225694,0.511585757136345,0.42438234601702,0.545608780213765,0.437699574444975,0.557771438998835,0.65433546262128,0.524972834757396,0.61498002069337,0.707030696528299
0.459492142001788,0.507391613721847,0.591976557175318,0.432318769892057,0.586882378657659,0.453082279364268,0.509152950843175,0.606027666727702,0.45974552333355,0.503256466984749,0.555599455038706,0.468370568752289,0.512218942244848,0.579188644886017,0.531468218564987,0.57392840385437,0.469483645757039,0.521131455898285,0.641857292254766,0.512519011894862,0.475381783644358,0.600167278448741,0.476680157581965,0.527688960234324,0.454008772969246,0.524405352274577,0.596201827128728,0.680398577451706,0.449122777581215,0.651416464646657,0.739225480953852,0.573128720124563,0.605097736914953,0.623111726840337,0.470945247014364,0.576387862364451,0.651661429802577,0.568416808048884,0.567579366763433,0.648449675242106,0.492961324254672,0.700224578380585,0.646590868631999,0.718732982873917,0.470443644126256,0.468666452169418,0.554559860626856,0.461071774363518,0.57094918290774,0.633682507276535,0.413151800632477,0.70091571410497,0.438026466965675,0.575492882728577,0.700968539714813,0.43771360317866,0.454618618885676,0.602034556865692,0.737118337551753,0.475027380386988,0.450943011045456,0.561045902967453,0.559139670928319,0.438299482067426,0.579267646869024,0.49252103070418,0.545391124486923,0.41798453827699,0.514932588736216,0.435011598467827,0.514672924081484,0.427537483970324,0.546924928824107,0.445824841658274,0.572030266125997,0.647402638196945,0.526665118336678,0.6149028023084,0.693984067440033
0.440505097309748,0.51044477296598,0.589563911611384,0.427702833305706,0.57870870106148,0.444230438181848,0.509518057107925,0.604210456212362,0.464127034851999,0.502855523969188,0.55425350413178,0.454886258551569,0.509771889809406,0.586616086237358,0.52379942482168,0.567993127938473,0.451679234251832,0.52027928648573,0.642005604324919,0.50956482778896,0.473486915682301,0.589183162559162,0.472610897187031,0.518934642726725,0.456765368129268,0.523694728360032,0.576592978202935,0.689962564092694,0.448175336375381,0.637127883506544,0.725670447855285,0.569956551898609,0.622790892918905,0.622780870307576,0.471231109265125,0.589792217269088,0.62454196359172,0.567592543182951,0.567646514285694,0.659791390101115,0.485444161024961,0.689389136704532,0.652244210243225,0.707654338894468,0.475584482604807,0.481965637568272,0.553761484044971,0.466254110589172,0.564606941107548,0.644526797713655,0.419743063774976,0.695320694735556,0.438621091120171,0.587870355808374,0.630542267452587,0.447065383195877,0.461212142850413,0.595865739114357,0.729006041180004,0.475966085087169,0.448160726915706,0.560303209405957,0.557868838310242,0.44818152532433,0.591521069859013,0.523115814635248,0.542861656709151,0.419460591041681,0.517299390200413,0.437392537340973,0.512260576089223,0.433194537054409,0.546562792676868,0.453522138523333,0.580057460250276,0.654468702547478,0.528524488210678,0.606505789540031,0.703199859821435
0.44457095530298,0.513832843965954,0.584309462043974,0.431612989140881,0.574859609206518,0.42149116181665,0.504506064785851,0.60296525226699,0.467335865729385,0.501768181721369,0.5571445259783,0.454303768773874,0.508915781974792,0.583587187859747,0.523478481504652,0.567503897680177,0.448044609692362,0.513914464248551,0.644190990262561,0.511426303949621,0.470512059827646,0.58660168449084,0.468305052982436,0.524839318460888,0.452982508473926,0.525873101419873,0.574459223283662,0.686001481281386,0.436891900168525,0.621138852503565,0.708668031626277,0.572255263725917,0.639837957090802,0.617430372370614,0.480326926542653,0.591163396835327,0.632671544949214,0.561818106306924,0.574198246002197,0.66407782667213,0.486920355094804,0.664571460750368,0.636861685249541,0.687128133243985,0.483459788892004,0.48672048913108,0.558518797159195,0.468100129730172,0.56212133831448,0.648519739508629,0.407966401014063,0.672733490665754,0.442400201327271,0.594828281137678,0.62593927151627,0.457469739019871,0.484000085128678,0.593680181437068,0.707336510221163,0.471024851004283,0.44927602675226,0.562780590520965,0.556945035854975,0.449329828222593,0.592954319384363,0.518502535091506,0.539955102735096,0.422391817801529,0.515121940109465,0.451919173200925,0.514529663655493,0.439713282717599,0.550077360537317,0.448085510896312,0.587281316518784,0.645883055196868,0.530435611804326,0.616185891959402,0.706373098823759
0.442205037176609,0.514203075319529,0.573404850065708,0.437608856707811,0.571659417450428,0.415906160324812,0.503818010538816,0.595909786224365,0.469541573524475,0.50697039142251,0.560648815333843,0.447907720506191,0.506514229625463,0.579033790528774,0.526670634746552,0.56475989818573,0.444083867967129,0.510441570729017,0.645852573215961,0.517605938762426,0.472243604809046,0.591043016314507,0.466681796312332,0.530399376153946,0.45283962637186,0.526429404318333,0.568514385819435,0.687149880826473,0.433144376426935,0.616703867912292,0.702138987183571,0.574926762282848,0.639130851626396,0.612882339954376,0.482017350196838,0.600661355257034,0.635742849111557,0.558277900516987,0.591012106835842,0.660355031490326,0.481529258191586,0.657375098764896,0.627850742638111,0.684449473023415,0.492502684891224,0.492408696562052,0.559778732061386,0.471474356204271,0.5673613935709,0.651042358577251,0.419767350703478,0.658535307645798,0.442658788710833,0.599302768707275,0.627048097550869,0.455119867622852,0.489705703407526,0.591769687831402,0.690558989346027,0.471135115623474,0.458083014190197,0.567343080043793,0.560213825106621,0.452158834040165,0.589830558001995,0.513157531619072,0.535693266987801,0.43075784817338,0.516554168611765,0.460659909248352,0.515629068762064,0.435109337419271,0.550302405655384,0.449081472307444,0.592247450351715,0.650021390616894,0.540249259769917,0.634696552157402,0.702692703902721
0.422776337076978,0.509705483186536,0.571712531694552,0.444906910018223,0.564065342996179,0.420541503807394,0.503973241986298,0.593530676713804,0.472308931554236,0.512445219406268,0.564923795258127,0.438188172695113,0.496226275839457,0.570955554159676,0.52672926972552,0.572543193654316,0.439180284738541,0.509182470600779,0.645484572503625,0.513997554052167,0.46704172506565,0.590794765367741,0.461177312019395,0.538375496864319,0.452245425887224,0.520822578813972,0.572503436629365,0.691783066202955,0.423400650664074,0.616972792439344,0.708677303500292,0.574245537199625,0.639659906305918,0.613810960839434,0.478902296322148,0.617959313276337,0.639709519176948,0.551628346850232,0.609296756546672,0.655701864056471,0.470723861601295,0.643353908527188,0.60371859480695,0.682049345679399,0.494661045510594,0.49145918721106,0.55516720399624,0.471828494130111,0.567071136904926,0.640080350201304,0.417737484705157,0.648027815469881,0.446586193834863,0.599477087579122,0.635313707153972,0.443574320979235,0.495665418665584,0.588223982148054,0.681022362011235,0.466578618055437,0.46088344367539,0.569733663303096,0.556619407200232,0.45142243257383,0.581127953238604,0.49122361148276,0.535991334333652,0.436697387113804,0.510340583033678,0.467652714833981,0.518000678318303,0.434502185117908,0.551627083522518,0.440167797047917,0.585093624708129,0.642875917074157,0.547919744398536,0.637820239474134,0.690732247945739
0.422091623147329,0.510089830983253,0.575243433316549,0.450017812706175,0.561982945317314,0.426653978370485,0.508619938577924,0.585870856330508,0.468398123979568,0.508348850267274,0.564233975751059,0.433149410855202,0.494525055800165,0.573778836500077,0.526572494279771,0.581174752541951,0.445330703542346,0.502501303241366,0.646716491097496,0.516837085286776,0.478605091571808,0.58593582823163,0.45483947509811,0.535373406750815,0.45441123062656,0.518465829747064,0.557685379471098,0.688155947696595,0.417413524218968,0.619559712353207,0.705245612632661,0.572762739090692,0.627869289545786,0.605952163537343,0.485930674132847,0.655019064744314,0.635179085390908,0.548827940509433,0.618629055363791,0.655848114263444,0.469708679687409,0.639843080724989,0.597647544883546,0.689229854515621,0.493647498034296,0.476850090282304,0.5501997087683,0.477087707037017,0.562024002983457,0.636024575857889,0.414578009928976,0.647817874238605,0.450261354446411,0.602931143272491,0.651263720932461,0.441246396728924,0.493006655148097,0.593694052525929,0.685244003931681,0.468556245877629,0.4552064708301,0.576085520642144,0.554383022444589,0.45756606615725,0.574416393325442,0.493642505435717,0.540265998670033,0.439702451229095,0.505988488594691,0.472263018999781,0.518187290146237,0.435228515948568,0.550551264058976,0.444443821907043,0.582990256093797,0.649435535782859,0.546797552279064,0.649720613445554,0.688382944890431
0.417139772148359,0.504303724992843,0.574337736481712,0.452756082018216,0.560228967950458,0.45572380792527,0.508423537725494,0.576796726101921,0.462832975245657,0.50782917936643,0.563886649551846,0.432717688026882,0.491942843510991,0.566501486869085,0.523487777937026,0.583059107973462,0.44908680660384,0.498355866897674,0.630014619656971,0.516595431736537,0.48947942682675,0.580054907571702,0.452566122724896,0.530785532224746,0.457269134266036,0.513653169785227,0.534201773859206,0.686065076362519,0.422421756244841,0.628026441449211,0.697377295721145,0.565949861492429,0.615946230434236,0.602121932165963,0.481089699126425,0.67444802465893,0.648356443359738,0.546102577731723,0.616020499240784,0.649833447876431,0.470736556819507,0.628287847552981,0.588810120310102,0.688155770301819,0.491011878564244,0.468654472913061,0.549153840258008,0.477870477806954,0.560473334221613,0.612697467917488,0.422205952661378,0.662245066392989,0.455761610042481,0.606652116491681,0.659703877710161,0.445102441878546,0.48542682826519,0.587195691608247,0.693199401810056,0.471503936109089,0.45463891398339,0.576701195467086,0.553554049560002,0.458298454682032,0.572782797472818,0.494462268693106,0.542401572068532,0.437645052160536,0.505616761389233,0.464753666094371,0.521489742256346,0.442057308696565,0.547814357848394,0.446777766659146,0.580145946570805,0.646807701814742,0.544774551476751,0.660294647018115,0.687116588865008
0.42542829396932,0.502718847730885,0.577398700558621,0.451239198446274,0.561057213855826,0.476657216315684,0.507631068644316,0.574666830508605,0.457034605352775,0.500325434881708,0.563353039648222,0.435167459690053,0.492768271461777,0.565596890190373,0.520763214515603,0.588796725739604,0.453446025433748,0.497003117333288,0.633097791153452,0.534366281784099,0.494326331045317,0.578244467144427,0.456468034049739,0.52619028221006,0.460674568362858,0.510674496059832,0.533429013646167,0.701571147079053,0.428514464393906,0.636860383593518,0.669496038685674,0.559693611186484,0.607802617809047,0.603664407263631,0.478086356883464,0.688984198414761,0.668140491713648,0.546555810648462,0.616735805635867,0.651575737673303,0.474350118118784,0.626910089150719,0.600787372692772,0.696884117696596,0.488466312703879,0.46016762761966,0.548669206059497,0.487539060089899,0.564700996098311,0.60104353013246,0.423548932956613,0.654323114001233,0.457223138083582,0.600277851457181,0.674773781195931,0.452711179204609,0.484789078002391,0.583292569803155,0.702061935611393,0.468158354577811,0.454744778897451,0.580281698185465,0.550704441640688,0.458231900049293,0.576949492744777,0.49160208520682,0.542659859294477,0.437066922369211,0.510189007805741,0.45980053751365,0.522180035062458,0.439891509387804,0.54800664730694,0.447087933187899,0.571275341769923,0.64629047461178,0.548591239296872,0.658790589674659,0.681525457164516
0.433120413195519,0.49995564421018,0.577206879854202,0.4442099687599,0.562130026874088,0.471526195605596,0.504317724988574,0.573122722761972,0.4526637700342,0.49579697350661,0.555733973071689,0.436083398404576,0.494520842319443,0.558377397911889,0.517781815358571,0.587562255916141,0.460856955675852,0.494492659256572,0.636535427400044,0.545560538768768,0.495483323931694,0.585275120678402,0.460309325939133,0.527281989653905,0.451721087807701,0.505643936140197,0.522230508781615,0.683998973596664,0.420778560496512,0.637770628645307,0.666331482785089,0.560202626954941,0.598065464269547,0.591163149901799,0.476982546704156,0.694613831383841,0.685652515717915,0.546004654396148,0.611821513800394,0.648357957601547,0.477551350281352,0.627139331329437,0.632139765080951,0.69364083522842,0.491878219303631,0.452851354366257,0.553037552606492,0.501516330100241,0.572497085446403,0.59666042526563,0.433210930653981,0.661407582816623,0.448139422706195,0.592843189125969,0.685156947090512,0.457248594789278,0.49010378689993,0.579178316252572,0.701341678698858,0.464564071524711,0.449096238329297,0.584385314158031,0.551650548265094,0.463482581433796,0.575547162975584,0.493747342910085,0.537776978242965,0.438507821588289,0.507086285523006,0.45892076478118,0.523161204088302,0.438737213611603,0.548150079590934,0.447166522343953,0.573406781469073,0.651983573323204,0.5423264503479,0.658758284080596,0.680006884393238
0.441999976572237,0.487487672190917,0.563427111035899,0.431176122866179,0.542865279473757,0.450800491006751,0.486716177118452,0.55779777545678,0.438329981345879,0.479707306937168,0.535774191743449,0.421754451174485,0.477139805492602,0.534711792280799,0.509187912470416,0.567798587836717,0.442763460309882,0.484116981688299,0.626047636333265,0.522357167381989,0.478683695197105,0.57195508480072,0.447643738828207,0.509457249390452,0.439072492875551,0.492548276719294,0.48722821787784,0.663182211549659,0.413211169211488,0.617261370545939,0.644953994374526,0.544853742185392,0.578052541143016,0.57280496703951,0.464887793126859,0.65547146138392,0.67157708500561,0.528314700252131,0.583100488311366,0.622651269561366,0.463678795256113,0.596883441272535,0.636995842582301,0.676368887487211,0.475144062387316,0.445468322226876,0.539778519617884,0.482611373066902,0.56558725080992,0.579994607912867,0.435922052515181,0.669167432345842,0.43926822825482,0.571544487225382,0.685617097114262,0.448988568625952,0.482033437804172,0.559502085572795,0.673669920155877,0.454303869291356,0.433995289237876,0.568110119355352,0.535048814196336,0.453649000117653,0.560010058315177,0.474698399242602,0.522901273087451,0.428557021837485,0.491893224810299,0.447202006452962,0.505112266854236,0.425554106894292,0.53502326419479,0.437142107047533,0.559312630640833,0.648451226322274,0.530561508316743,0.647453022630591,0.662762417605049
0.442012923955917,0.475118634104729,0.548897697031498,0.427497688680887,0.529298184812069,0.439258892089128,0.470598974078894,0.539911183714867,0.428970108181238,0.468890759348869,0.525645788013935,0.407982309162617,0.460970033705235,0.517568646371365,0.497352661192417,0.552103017270565,0.433270449191332,0.472583571076393,0.609336319565773,0.508653731644154,0.459172444790602,0.55556705147028,0.435720869898796,0.495731866359711,0.427728552371264,0.481358960270882,0.481284449249506,0.64580987393856,0.402261993288994,0.597837768495083,0.64058745354414,0.530778980255127,0.565538291633129,0.55540874004364,0.459677997976542,0.628033281862736,0.634030576050282,0.515371009707451,0.564622718095779,0.612896086275578,0.454530269652605,0.58104600161314,0.617901194095612,0.667326620221138,0.459937839955091,0.442324975878,0.526452788710594,0.467927937209606,0.550365146994591,0.56435240060091,0.432187459617853,0.654759305715561,0.426492175459862,0.557140199840069,0.677554754912853,0.4378398232162,0.469533254951239,0.54220809340477,0.634055249392986,0.44443903490901,0.424935457855463,0.547523327171803,0.52314318716526,0.442065313458443,0.543163833767176,0.462005293369293,0.50832711160183,0.421600335091352,0.482478046417236,0.43375643864274,0.488721011579037,0.404166612774134,0.517966969311237,0.425867184251547,0.545651258528233,0.631408515572548,0.51971177905798,0.610613271594048,0.649765291810036
0.459081547485816,0.491932702225608,0.555847213074968,0.439329186001339,0.546191421714989,0.434174589208654,0.480085061208622,0.555304725427885,0.435016660271464,0.480560417110856,0.53950813976494,0.41235818331306,0.476672455265715,0.52650168779734,0.510239730010162,0.552765814033714,0.436953543811231,0.48507352133055,0.616387442962543,0.52662417695329,0.459326814960789,0.565804254364323,0.44062117225415,0.503286165160102,0.428895200426514,0.498820050342663,0.535011518645931,0.671994027253744,0.419602700987378,0.611086093090676,0.654781360883971,0.539214367802079,0.569223478033736,0.560910033213126,0.47185287523914,0.626788727335028,0.653754917350975,0.527705102353483,0.573533251478865,0.625706946527636,0.469326617749962,0.587329522983448,0.631340055852323,0.688040005194174,0.475127017981297,0.473652792138022,0.540604573649329,0.469435473551621,0.554498812636814,0.578386720773336,0.464198217198655,0.673330867612684,0.437067383044475,0.565909105378228,0.683560508328515,0.441356336748278,0.4756932814379,0.550826201567779,0.633001971889186,0.460116074697391,0.434173922281007,0.556434839158445,0.540961851944795,0.457033219369682,0.56159167515265,0.477096735625654,0.525454819202423,0.431343340390437,0.496667583246489,0.45007631424311,0.492400178232708,0.402220046198046,0.525876412520538,0.436993014973563,0.557338904690098,0.651389479637146,0.526456956122373,0.597777162049268,0.664842600758011
0.4781645323549,0.51611511196409,0.570726491723742,0.445882554565157,0.56748331614903,0.436862740346364,0.499535185950143,0.569616431849343,0.443379063265664,0.49318596294948,0.547860315867833,0.417529218537467,0.488461088282721,0.538278566087995,0.526478014673506,0.566127400738852,0.452385084118162,0.49830841081483,0.629673613820757,0.534118981872286,0.468471528802599,0.5782449058124,0.446839148657663,0.518066617420741,0.446136448213032,0.518485190187182,0.565309438535145,0.688287988730839,0.42996421115739,0.610002883843013,0.671702584198543,0.553465368066515,0.597427705356053,0.571057341779981,0.478431811503002,0.626025542191097,0.647979838507516,0.545264501231057,0.58864883525031,0.648884776660374,0.482405493089131,0.602265868868147,0.642849116665976,0.692230130944933,0.480392558234079,0.499958384888513,0.551974831308637,0.487422223602022,0.565923312732152,0.588313032899584,0.490545850140708,0.686415914126805,0.448379239014217,0.571111813613347,0.702128687926701,0.447895391498293,0.482776136057717,0.566040529523577,0.623584731987544,0.46246908732823,0.442391493490764,0.570735728740692,0.560845569201878,0.469458205359323,0.59187833411353,0.496206716980253,0.547976190703256,0.440709299700601,0.510999550989696,0.463072606495449,0.526195136138371,0.41422199181148,0.534897577762604,0.448404136725834,0.573937019280025,0.663815001079014,0.53692843232836,0.593426828724997,0.678209808894566
0.472566132292603,0.526454295172836,0.567861690665736,0.44641178575429,0.565114644440738,0.442490491000089,0.505624766602661,0.566052500045661,0.44755959149563,0.489959447672873,0.550718796975685,0.410658865263968,0.486995719599001,0.537880144336007,0.524474151206739,0.56528651714325,0.452848224025784,0.498263795267452,0.624040076226899,0.530846852244753,0.469204824982267,0.572171308777549,0.44733061393102,0.512556505925728,0.446105754736698,0.52183865778374,0.58049331108729,0.714589230942004,0.420933256546656,0.602324438817573,0.673443754514058,0.55375474691391,0.597341848142219,0.561645182696256,0.475979602698124,0.617815532467582,0.644560075167454,0.542598912210176,0.585172058957996,0.646632617170161,0.491142652251504,0.611145664345134,0.625219272844719,0.681104723251227,0.476768549644586,0.500517193115119,0.552744948502743,0.499153998765078,0.565639797485236,0.585547156406171,0.494194792075591,0.667427339337089,0.444056122592001,0.569422427451972,0.693375968571865,0.448037694800984,0.480970128016038,0.566793438160058,0.650901431387121,0.458393627043926,0.436758401719007,0.570777636585814,0.561565431681546,0.466952070142284,0.585978706677755,0.496128396554427,0.54847313599153,0.440871197165865,0.507617707505371,0.46159062331373,0.523265399716117,0.418635492975062,0.533725445920771,0.450090076887246,0.574273288249969,0.658923808372382,0.531449092156959,0.583105999411959,0.678141767328436
0.464538453022639,0.530063639084498,0.565751334031423,0.447865455349286,0.564932946364085,0.443224521478017,0.502926409244537,0.561934445301692,0.445042781035105,0.489388561248779,0.543004490931829,0.416693869233131,0.47821083565553,0.53276667992274,0.523127311468124,0.562850348154704,0.435107413927714,0.502398109436035,0.619613357385,0.532765746116638,0.462184634804726,0.566877363125483,0.449131801724434,0.50644372800986,0.44740568002065,0.526329656442006,0.589616996049881,0.706595677137375,0.420340513189634,0.598970172802607,0.663657997051875,0.552346613009771,0.59231148759524,0.561030421654383,0.480151091019313,0.599063326915105,0.63307322661082,0.541145704189936,0.580519860982895,0.654059306780497,0.497962874174118,0.616034591197968,0.620361151297887,0.675127842028936,0.476598677039146,0.493067686756452,0.553545246521632,0.503406039873759,0.565495944023132,0.588508798678716,0.483642399311066,0.661984793345133,0.448973319927851,0.56315686305364,0.683192199468613,0.446273898084958,0.477144542336464,0.569084179401398,0.660884783665339,0.456221507986387,0.43452418645223,0.572263091802597,0.559959715604782,0.467285927136739,0.601637095212936,0.505421909689903,0.550977543989817,0.440911147991816,0.506395194927851,0.460170873006185,0.527257217963537,0.421623675028483,0.536331941684087,0.461490686734517,0.572078708807627,0.64755376180013,0.530311210950216,0.563321566581726,0.680558111270269
0.454177124425769,0.524603724479675,0.565379917621613,0.453067158348858,0.56244027428329,0.441312807612121,0.495467673055828,0.561138521879911,0.449647768400609,0.489527300931513,0.542790720239282,0.418925401754677,0.478085679933429,0.534480258822441,0.5244111251086,0.559638898819685,0.430804283358157,0.510211241431534,0.623195579275489,0.525083612650633,0.456642472185194,0.563068341463804,0.450857773423195,0.502903836779296,0.441266165114939,0.520104236900806,0.59543570689857,0.693362031131983,0.42429200746119,0.591282051056623,0.655352281406522,0.554026426747441,0.585110053420067,0.554557744413614,0.487987550906837,0.59012340568006,0.652327433228493,0.539153831079602,0.577570958063006,0.654525354504585,0.497784975916147,0.61522775515914,0.619495837017894,0.664167420938611,0.479806993156672,0.485641581006348,0.550555383786559,0.509103597141802,0.561150090768933,0.592296315357089,0.472802374511957,0.671878488734365,0.457219264470041,0.561293698847294,0.663395574316382,0.441079038195312,0.474297474138439,0.569157116115093,0.667427584528923,0.462447022087872,0.440487079322338,0.563566455617547,0.558984264731407,0.475350475870073,0.60642246901989,0.512029072269797,0.544553805142641,0.437205080874264,0.512521804310381,0.453716974705458,0.536466573365033,0.424775865860283,0.535765208303928,0.458929175511003,0.568873820826411,0.649359123781323,0.529746536165476,0.552062631584704,0.669552933424711
0.441949306165471,0.522102434845532,0.559263295987073,0.454064609373317,0.560788766426199,0.450961261987686,0.492311509216533,0.561393653645235,0.446486851748298,0.489954234922633,0.546215278260848,0.418589927694377,0.47856480672079,0.533037643222248,0.526048632229076,0.557522942038143,0.439043174771702,0.507007106262095,0.626526059473262,0.517958887359675,0.457045603324385,0.559352764311959,0.454074088264914,0.503053568741854,0.443173113114694,0.514071938746116,0.598688876804183,0.687672201324912,0.429192860336865,0.582288477350684,0.643114745616913,0.552351061035605,0.589560277321759,0.55270135753295,0.488883078098297,0.595490329405841,0.644898547845728,0.538312812061871,0.570089012384415,0.654801859575159,0.491614060366855,0.611657018170637,0.61303298087681,0.65214066119755,0.477923160966705,0.4740079615046,0.545197607839809,0.51502699361128,0.558185007642297,0.590110384366092,0.468836147995556,0.665644416037728,0.461333715740372,0.562360574217404,0.660568998140447,0.450289551826084,0.465643839801059,0.567128158667508,0.651046586387298,0.470312487553148,0.451993033289909,0.564910325933905,0.554628771894118,0.481749940444441,0.601777395781349,0.512757441576789,0.53719059158774,0.436025395989418,0.512115697650348,0.454661787432783,0.541234099689652,0.427111705436426,0.532836895655183,0.460499778389931,0.571637704091914,0.638099232140709,0.531091392040253,0.567966708365609,0.663387174115461
0.413946682039429,0.490397256963393,0.524429123191273,0.43539810268318,0.531163594302009,0.427520183955922,0.460248961168177,0.524563684183009,0.429350135957493,0.46647130391177,0.513270158978069,0.392875273438061,0.450018840677598,0.501809069338967,0.495529395692489,0.525109431322883,0.400567365043304,0.478205454700133,0.588368789238088,0.48837546127684,0.430933446568601,0.517067886450711,0.427616784677786,0.483783130260075,0.42223728842595,0.47704805521404,0.588528028305839,0.639820873737335,0.401180677554187,0.531396471402224,0.602381615077748,0.524576267775367,0.562674343585968,0.515771878116271,0.461016167612637,0.565075835760902,0.622433722019196,0.508802831172943,0.535644241992165,0.618778844090069,0.458917535403196,0.580646702471901,0.601398797596202,0.609723632826525,0.450424423112589,0.440600183956763,0.51307597581078,0.482862078091677,0.518188867498847,0.561089724302292,0.442936377490268,0.630062904428033,0.437056097037652,0.530244225964827,0.615622860543868,0.426244958358652,0.436371147632599,0.53627542888417,0.593497053665273,0.44390788323739,0.427679033840404,0.529076260678908,0.522561374832602,0.4570862712229,0.55115650155965,0.476899570401977,0.502452492713928,0.407941619262976,0.484836571356829,0.426277623457067,0.494351449258187,0.407793064327801,0.497363556833828,0.430404003928689,0.541334911304362,0.6062191742308,0.501929474227569,0.53942646875101,0.615366241511177
0.425199759503206,0.505561345153385,0.538778684205479,0.443080998957157,0.546736424167951,0.447214439511299,0.487436728345023,0.538384119669596,0.435983783668942,0.485361328555478,0.5293341477712,0.406816282206111,0.466948091983795,0.517065833012263,0.51465294096205,0.54711324804359,0.42612996035152,0.48901805612776,0.604764120446311,0.505754218333297,0.446952784227,0.538729038503435,0.443385339445538,0.50153645955854,0.435346203545729,0.494290446241697,0.593309094508489,0.669721947775947,0.42321682224671,0.554590581191911,0.628354209992621,0.543500953250461,0.583177301618788,0.531523235970073,0.469033834007051,0.575823611683316,0.634110977252324,0.528676932056745,0.550460873378648,0.629100117418501,0.467581605745686,0.588789726297061,0.623270091083315,0.622975005043877,0.46565644029114,0.455140602257517,0.528854032357534,0.508172216514746,0.532806804610623,0.582112744450569,0.46168828341696,0.650443679756588,0.451229578918881,0.552920268641578,0.628752499818802,0.449024743503994,0.46059525758028,0.55181005762683,0.587373197078705,0.460153731207053,0.452523011300299,0.545215720931689,0.542308631870482,0.469284051822291,0.565942893425624,0.493138524393241,0.514939217931695,0.424379909204112,0.5017059892416,0.443034484982491,0.509386792778969,0.423198638690843,0.511356763541698,0.445510912272665,0.558120557003551,0.61464293135537,0.518410704202122,0.560905295941565,0.632526554995113
0.430144702012722,0.501794938093577,0.54064207810622,0.443613162407508,0.543192209341587,0.444782918080305,0.490285424085764,0.538417567045261,0.437136971033536,0.493787481234624,0.530032763114342,0.411331811012366,0.468719964608168,0.520022675012931,0.508518675963084,0.545440961153079,0.419146481232765,0.481453631932919,0.593749967905191,0.501380124153235,0.444337512438114,0.542406481045943,0.439480242820886,0.510073797060893,0.434468746949465,0.500738901205552,0.582508753507565,0.680485285245455,0.433124998441109,0.56541614043407,0.625462852991544,0.5477960002728,0.582448913500859,0.530559322772882,0.469166554701634,0.585096347026336,0.627462983131409,0.532260508109362,0.554230497433589,0.623715652869298,0.464040364974584,0.579751652020674,0.619255270713415,0.61773589024177,0.462743603266203,0.453445376493992,0.531765814010914,0.485584079455107,0.543165682218014,0.580807034785931,0.461124848096799,0.636255423227946,0.451048570565688,0.563233856971447,0.622066876827142,0.454002089225329,0.46497448743918,0.557031749150692,0.606754191410847,0.460318754880856,0.463914570135948,0.549652712467389,0.544862339129815,0.472686065313144,0.565423206641124,0.493022976777492,0.522189661478385,0.422811703804212,0.502800311797704,0.450371065965066,0.510281384755404,0.42480936111548,0.5133402744929,0.44747132444993,0.55966623318501,0.621281350270296,0.518018823403579,0.555592301564339,0.616439721523187
0.453677675127983,0.509079571813345,0.5564567938447,0.457345979660749,0.555096378922462,0.451714967936277,0.500374792516232,0.552379789948463,0.454328551888466,0.51320191770792,0.552878847718239,0.42003214135766,0.487946330010891,0.534441378712654,0.517581298947334,0.552534057199955,0.4289415538311,0.490382243692875,0.5941396266222,0.511584277451038,0.447894361615181,0.561066204309464,0.451122014969587,0.520874556899071,0.441820660233498,0.521968390792608,0.589883644878864,0.706205505132675,0.447496350854635,0.587174396216869,0.629959908127785,0.564385704696178,0.594651290774345,0.546778103709221,0.47753876671195,0.610036259889603,0.652927114069462,0.543459178507328,0.571489676833153,0.629265311360359,0.468917866051197,0.591544654965401,0.631036086380482,0.640774035453796,0.47911024466157,0.462247248739004,0.544066308438778,0.48551911264658,0.560956643521786,0.59676216095686,0.473343807458878,0.664985702931881,0.459923725575209,0.582865114510059,0.646631598472595,0.464456581324339,0.475330907851458,0.573457385599613,0.634890775382519,0.470389727503061,0.478245339542627,0.570898117125034,0.560463826358318,0.481747982650995,0.574265144765377,0.499078340083361,0.540769994258881,0.429358773678541,0.521284920722246,0.469709780812263,0.514902193844318,0.430149980634451,0.529712444543838,0.463310573995113,0.579770435392857,0.639315524697304,0.536765016615391,0.548766545951366,0.62328388094902
0.44822817459339,0.492746031865841,0.541498395001016,0.448095669833625,0.536543293697078,0.453064132754396,0.492409410273156,0.540947687335131,0.445292719980566,0.501258201715423,0.553354535160995,0.414018165047576,0.480074990813325,0.519820031596393,0.498630161692456,0.533025546771724,0.419068058089512,0.478396015923198,0.580926451741195,0.49196865573162,0.436106259503016,0.545845111695732,0.444692478674214,0.499780939846504,0.43347387560984,0.51389947969739,0.576171681648347,0.706750443795832,0.441152222272826,0.575520147637623,0.622827465941266,0.551144961903735,0.578505899848008,0.533805110105654,0.458820952147972,0.608327553039644,0.638319479256142,0.525138891324764,0.558123633628938,0.602072416282282,0.457839741939452,0.586284087925423,0.619430930149264,0.640327846131674,0.468874369452639,0.444695669703367,0.530401728502134,0.466442008570927,0.551349602094511,0.58986766309273,0.465770981660703,0.639937793336264,0.437982954630038,0.567386571953936,0.625645031289357,0.44832914486164,0.461413821796092,0.56447680694301,0.643853424525842,0.459699473729948,0.458385181863133,0.549996428373383,0.550193386833842,0.469072438594772,0.554386311914863,0.485267787444882,0.531295552486327,0.412730524452721,0.504923563177993,0.459745618628293,0.500301236786493,0.424337074524019,0.511198196469284,0.450712390062286,0.567514896392822,0.62492912862359,0.522122977710352,0.521507315519379,0.600538108406997
0.439963667131052,0.477582335472107,0.526931101229133,0.438621837191465,0.522139382071611,0.443427774964309,0.476485552584253,0.526533009075537,0.430749693294851,0.488534962985574,0.541817872989468,0.405236697051583,0.474402948850539,0.503231494165048,0.482564966853072,0.522269019266454,0.396614856836272,0.459115218825457,0.562489144685792,0.478893790303207,0.417904368987898,0.53185749780841,0.438039039693228,0.482929074909629,0.421433594168686,0.507918724926507,0.57025750671945,0.690181014014453,0.431339790908302,0.565556704998016,0.616572002085244,0.532718556683238,0.565486800379869,0.524966269004636,0.445719282801558,0.596390322941105,0.613886840459777,0.510248422622681,0.544869101629025,0.587794539405078,0.447938606506441,0.578163898572689,0.603644452443937,0.632827536361973,0.453320149241424,0.432075550643409,0.515352647478988,0.443705796468549,0.539108658709177,0.571951395127831,0.458226794876703,0.632058530319028,0.416229578053079,0.55120785061906,0.602822063899622,0.4413624762035,0.451277511148918,0.550405653511606,0.635949047600351,0.448569550746825,0.43781731622975,0.538209274047759,0.539294911593926,0.453228132026952,0.525662863399924,0.474075049161911,0.516516495041731,0.40023195525495,0.4896863459087,0.451388971834648,0.485718635524192,0.409555446083953,0.496182424266164,0.440436847326232,0.54701071686861,0.603297249573033,0.501347394978128,0.491376886280572,0.584709484402726
0.439471080114967,0.452484755139602,0.506501720139855,0.422640003656086,0.508906180921354,0.452169638715292,0.457438414034091,0.510156436970359,0.405744104793197,0.471346312447598,0.523854718396538,0.399367456373415,0.461815473280455,0.485872620814725,0.463282486325816,0.503308275812551,0.362176685741073,0.444548916659857,0.543891651065726,0.467399884995661,0.395843745846497,0.514070838689804,0.424378362925429,0.468494295289642,0.410227490883124,0.487743753351663,0.558850876594845,0.67961270715061,0.413398631309208,0.540057441121654,0.587275564670563,0.507836682231803,0.553552169548838,0.504579718175687,0.441857297953806,0.58756116816872,0.591924148170572,0.492194160034782,0.537688394910411,0.562340367781489,0.436475160090547,0.561218506411502,0.584642841627723,0.614225530310681,0.438068593803205,0.412174713454748,0.501779741362522,0.42272488223879,0.517812614378176,0.557007460217727,0.449268486938978,0.630691691448814,0.389397041578042,0.532836216060739,0.589532665516201,0.429353660658786,0.440072840765903,0.530313013415588,0.597135142276162,0.436712083063628,0.423782920366839,0.5146732393064,0.51911565034013,0.437392975154676,0.504706816453683,0.461952200061397,0.500440643021935,0.381670872631826,0.467294401244113,0.441359256443224,0.467010834499409,0.405818884309969,0.479594756113855,0.43561458822928,0.526919280227862,0.598132114661367,0.476021832541416,0.483703490934874,0.564507211509504
0.454958153207128,0.479330360162549,0.524729786849603,0.432104141973868,0.522793311898301,0.477128012878139,0.471997162917765,0.528914925528736,0.417919347925884,0.485791393896429,0.543207287788391,0.41810467839241,0.475218197194541,0.499400025460778,0.476800547140401,0.518850503898248,0.379467024308879,0.460603829564118,0.558652658288072,0.483797493504315,0.411238343250461,0.532111426679099,0.43901926279068,0.480461716651917,0.422501597462631,0.502383690054824,0.560566480566816,0.694874352071343,0.422915735622732,0.559038378843447,0.611319610258428,0.527653675253798,0.570670837309302,0.517984929608136,0.457399305047059,0.601660758983798,0.600787565475557,0.50461325994352,0.555261463653751,0.578483258805624,0.451498997647588,0.582349415232496,0.601923124092381,0.624564576439741,0.453921688766014,0.42554585744695,0.519161911999307,0.428499145478737,0.532413843201428,0.572582307385235,0.467212198711023,0.658286035060883,0.398300116381994,0.547107497366463,0.611677065128233,0.446521921128761,0.451764845266575,0.549508480037131,0.603228696962682,0.446737259626389,0.443259314792912,0.531577498447604,0.52829980268711,0.450371357725888,0.526577283696431,0.477647514604941,0.518215531256141,0.390446351068776,0.465026654121352,0.456740875069688,0.487419851669451,0.426966108926913,0.497961733399368,0.450724438196275,0.547995231500486,0.605826508708116,0.481581557087782,0.503507605413111,0.579190358882997
0.449323934752767,0.482755774404944,0.52360849700323,0.434333197227338,0.523345412277594,0.474974209215583,0.472609677692739,0.528718513686482,0.412667979554432,0.48567658662796,0.541592137115758,0.420535050514268,0.472513781088155,0.5000015220991,0.477434408373949,0.519252563395151,0.384600926463197,0.459945897503597,0.55907904229513,0.481641857362375,0.418453231817339,0.531459854870308,0.437121878309948,0.482788626013733,0.423752572478318,0.501837772567098,0.54762304556079,0.691212547988426,0.417591076798555,0.555741840746345,0.604056204237589,0.519690733130385,0.574291249600852,0.513514732442251,0.459881565192851,0.595502098885978,0.597078211423827,0.508045557068615,0.555896750310572,0.585167815045613,0.450609838817178,0.563981355690375,0.60111266374588,0.616974093565127,0.455398353134713,0.432068586349487,0.521783831642895,0.425343149318928,0.53226200254952,0.571192848973158,0.463073837320979,0.665775460440938,0.399749187434592,0.546061931586847,0.622851438638641,0.443865319577659,0.448828756809235,0.545654504764371,0.600639895695012,0.441528864750048,0.445774718028743,0.531001332329541,0.529585626067185,0.448902350373384,0.536188976066868,0.478795995072621,0.518457465055512,0.387825870659293,0.45605395843343,0.456528020341222,0.484456363974548,0.419397086631961,0.497019186252501,0.452397566743013,0.541998876304161,0.594444100449725,0.465831739146535,0.50915849354209,0.578016350908977
0.459790555543678,0.503224271674489,0.539976771487746,0.450998287561328,0.53534072637558,0.480203446953796,0.4870234651621,0.540755628153335,0.427229432172553,0.498475096253462,0.553971178309862,0.438042793163033,0.484655200742012,0.516345772632333,0.485455867856048,0.53393173079158,0.392047072565833,0.47735697308252,0.577926309995873,0.487745227508767,0.440857074981512,0.54387170630832,0.452692291071249,0.499886871770371,0.439721417288448,0.512860069441241,0.547791124776352,0.688832054304522,0.431656142306882,0.564948976039886,0.616609860298245,0.527263012043265,0.589068558326987,0.521293378153513,0.474303911591685,0.606451234152151,0.620152582955915,0.521154162495635,0.563913623953974,0.5930108227009,0.462171219809111,0.570304110299709,0.616907329060311,0.640325330024542,0.468145708012026,0.450796139101649,0.532237664211628,0.432001717561899,0.548176540884861,0.590862308823785,0.470257624637249,0.692858413208363,0.416796972585279,0.560568873272386,0.645709241545478,0.448343374701433,0.449343691731608,0.553896468739177,0.623152364132016,0.443313868239869,0.46268627740616,0.549836040929306,0.549265394377154,0.457840649887573,0.558061545671419,0.48748771187871,0.528044932110365,0.398115151150282,0.459707382113435,0.470391369836275,0.497224830610808,0.430455805257309,0.510764303595521,0.462948155957599,0.560089938862379,0.613722309123638,0.471665624962297,0.49964089934216,0.598365865474524
0.444750013259741,0.506123384604087,0.532102746841235,0.445756054841555,0.534785834642557,0.475714522294509,0.484187418069595,0.534300720080351,0.430629851726385,0.4959933475042,0.548109057622078,0.438200748883761,0.477561373741199,0.513056733669379,0.48104465389863,0.529214528890756,0.382717026349826,0.485804434770193,0.58184998921859,0.487741918135912,0.457626979320477,0.539556749356099,0.457813902543141,0.497817938908553,0.437718506042774,0.511846091502752,0.547899707769736,0.676207710535098,0.431236463479507,0.55361699905151,0.614754768518301,0.519830223841545,0.593332362480653,0.520463269490462,0.469217526607024,0.598653475443522,0.615562113431784,0.517243522864122,0.560904009219928,0.600788461092191,0.463982614951256,0.572528261404771,0.606760688317128,0.625993088269845,0.469062238931656,0.457037020952274,0.529406874607771,0.432850862924869,0.542981103444711,0.583604256312052,0.455143462388943,0.70541229003515,0.424848721577571,0.563085591181731,0.647789707550636,0.445408117312651,0.43906444311142,0.552199667845017,0.623096401874836,0.442275633414586,0.468687166006137,0.54520281461569,0.555549083611904,0.454870755855854,0.551472715842418,0.483991548036918,0.519119777740576,0.396904658048581,0.458239309298687,0.465843638548484,0.484334566654303,0.431889172547903,0.50412871211003,0.459099638156402,0.563096856459593,0.610970841004298,0.462026076439099,0.477919096365953,0.590610566811684
0.445471732318401,0.521157128363848,0.540392264723778,0.459637715667486,0.550541360676289,0.489833276718855,0.496623241901398,0.543832419812679,0.44835764542222,0.510800658911467,0.556680162250996,0.456063020974398,0.484801317751408,0.524662031978369,0.498174761980772,0.53824115395546,0.408740726858377,0.500490246713161,0.59363811314106,0.498061487823725,0.474264572560787,0.54990051984787,0.468960177153349,0.506214310228825,0.447797852754593,0.522432238608599,0.572071565687656,0.696759203076363,0.443580525368452,0.564146754145622,0.637836441397667,0.531077937036753,0.612828627228737,0.540338571369648,0.475572543591261,0.60515711158514,0.624713882803917,0.52939061075449,0.568359979987144,0.59986589178443,0.478191255778074,0.586884532868862,0.63053513020277,0.63151228427887,0.480461508780718,0.475153113901615,0.541832920908928,0.446395511180162,0.555107742547989,0.58225257396698,0.443903288245201,0.721439051628113,0.441398882865906,0.578842268884182,0.662419441342354,0.4597696647048,0.442249663174152,0.564287015795708,0.652510598301888,0.455534569174051,0.484246630221605,0.557816724479199,0.569555665552616,0.460800471156836,0.573358288407326,0.489580632001162,0.529531697928906,0.409664867818356,0.473663756251335,0.476584057509899,0.494065661728382,0.447512126713991,0.513732206821442,0.467503605037928,0.585043178498745,0.62422358840704,0.476838178932667,0.477487511187792,0.608420012891293
0.43152390555902,0.509195140139623,0.522324039177461,0.451672038571401,0.53865699199113,0.46829423985698,0.476289131424644,0.529545425014062,0.446760771626776,0.489752413874323,0.539210953495719,0.445101781324907,0.46525245972655,0.506663680753925,0.489163576201959,0.523358301682906,0.415289768441157,0.487498013810678,0.575746796347878,0.488580259409818,0.463622477244247,0.536098061637445,0.45941317894242,0.491712671789256,0.442740216173909,0.50099851326509,0.568920280445706,0.684089170260863,0.432968119328672,0.545395424420183,0.625034960833463,0.520662128925323,0.590428252111782,0.527253871614283,0.462551194158467,0.580999700860544,0.614856634627689,0.517521917819977,0.55122250047597,0.58880045468157,0.466135396198793,0.565740306269039,0.625483204017986,0.62180283665657,0.465063214302063,0.47202440012585,0.530562261288816,0.434947796165943,0.541000855239955,0.564575975591486,0.423248534852808,0.697145909070969,0.436759915541519,0.565604694864967,0.653149783611298,0.454548975960775,0.427475989542224,0.549265242435715,0.64863978732716,0.44764814322645,0.456253156743266,0.54536351155151,0.557035221294923,0.449404489587654,0.56518324396827,0.472704416648908,0.513057681647214,0.402769669213078,0.465703628957272,0.462814576923847,0.47703389484774,0.442413452674042,0.500312394716523,0.453128602694381,0.576438800855116,0.607672368938273,0.467943529513749,0.463631349531087,0.587832679802721
0.40797537167867,0.468016915851169,0.484807093938192,0.418656977017721,0.501941586865319,0.438291317224503,0.441041925880644,0.492030802037981,0.421578081448873,0.443787137667338,0.501737336317698,0.412340364191267,0.42567390203476,0.470070730977588,0.458346292707655,0.483606247107188,0.395016049014197,0.450930939780341,0.536905280749003,0.455293400420083,0.431968630684747,0.501455861992306,0.42755396299892,0.456775899065865,0.415846157736248,0.46251032948494,0.543739733431074,0.642321519056956,0.409963544872072,0.510505252414279,0.581692636013031,0.482446514235602,0.543181951840719,0.493628814485338,0.428115538093779,0.539291228188409,0.566465887758467,0.482295170095232,0.508465717898475,0.561165205637614,0.433100459973017,0.518678217464023,0.584262818760342,0.580688916312324,0.433561067448722,0.444797127114402,0.499581653541989,0.407513427734375,0.503490216202206,0.525025053819021,0.397836595111423,0.633344728416867,0.408270160357157,0.521791625022888,0.603690159320831,0.43174842927191,0.399537397093243,0.509319097465939,0.622839856147766,0.415914377901289,0.411608055565092,0.509562836752998,0.518489037619697,0.412790225611793,0.529746588071187,0.434761232799954,0.47448400788837,0.379873626099692,0.441847848229938,0.42296689748764,0.442432652579413,0.408700461520089,0.465646580192778,0.419114024109311,0.531532680988312,0.560319356123606,0.438736123508877,0.434333069456948,0.550533517201741
0.439813928678632,0.500908169274529,0.525723565369844,0.446750301246842,0.536893513053656,0.465723185489575,0.471380076060692,0.530105332533518,0.453774870683749,0.473067477345467,0.530254005764922,0.441800758242607,0.455214519053698,0.505102450028062,0.49128435117503,0.516286515320341,0.441709714010358,0.479669516906142,0.569172656784455,0.490942267080148,0.465947464729349,0.5425089734296,0.453828485682607,0.493788362791141,0.443936077877879,0.492912519723177,0.580074512710174,0.683651664604743,0.441328993067145,0.559421903143326,0.61214333648483,0.518937813738982,0.574148898323377,0.529437012970448,0.460758823280533,0.578845672309399,0.61188559109966,0.512440900007884,0.544042999545733,0.592921817054351,0.463101959476868,0.550250566254059,0.624423193434874,0.637603639314572,0.466321168467402,0.479837023963531,0.534894430389007,0.439895598838727,0.539808798581362,0.565322329600652,0.432739920914173,0.675088507433732,0.436988210926453,0.562359100828568,0.658234064777692,0.469186697776119,0.430190729598204,0.546161195884148,0.670604530721903,0.445799846823017,0.432668946062525,0.548222818722328,0.555899360527595,0.436469877759616,0.568138399471839,0.462853522971272,0.505476118375858,0.411164612819751,0.477398985375961,0.450366554781795,0.473342503110568,0.445123503605525,0.505993587275346,0.440935404971242,0.56135705858469,0.591108533243338,0.480221545944611,0.473124574248989,0.586514494071404
0.437191053932788,0.487991774199056,0.520888652287278,0.433284355729234,0.525540878959731,0.441835058670418,0.464238735975004,0.519277290386312,0.443040235369813,0.464028054008297,0.516738320682563,0.434042085035174,0.443990722006443,0.497253946813883,0.47819731165381,0.499708937663658,0.439753981781941,0.470942663795808,0.55174798708336,0.484175424949796,0.451489602233849,0.538591275028154,0.443229970978756,0.482566408082551,0.432291080554326,0.48287019776363,0.554170256151873,0.649805004690208,0.440352564933253,0.550870022353004,0.594762026094923,0.512300078775369,0.558564858109343,0.519752174031501,0.4377001804464,0.569860713154662,0.601666993954602,0.498540891151802,0.528965098016402,0.585370604314056,0.453559890097263,0.533167760746152,0.611851615064284,0.620706447199279,0.469032287597656,0.465441276629766,0.522508881840051,0.437812577860028,0.532161293076534,0.556952406378353,0.437476985594806,0.653182065954395,0.425015655802745,0.549735329899133,0.630021081251257,0.456303174004835,0.428055427822412,0.53595729785807,0.641179964822881,0.442140304574779,0.421105596949072,0.53971487049963,0.539804459786883,0.433236368146597,0.548635017638113,0.448763809367722,0.48914529003349,0.4081390394884,0.474344177573335,0.431159922305275,0.466392347625658,0.433886617422104,0.5002729027879,0.423927913693821,0.544545309216368,0.574315653127782,0.477099258525699,0.45501327105597,0.57289653782751
0.439431548691713,0.484002275535694,0.522012650966644,0.4298383135062,0.524187706984006,0.438414417780363,0.459160821369061,0.517478274611326,0.440402621833178,0.471689058037905,0.515369695539658,0.437428899682485,0.452347077429295,0.500068896091901,0.470027870283677,0.502676193530743,0.444996115679924,0.470386638664282,0.546209491216219,0.483062902322182,0.446173093066766,0.539875764113206,0.44047719755998,0.480270069379073,0.433653001028758,0.483574593296418,0.549298466971287,0.636354959928072,0.442036444177994,0.550656714118444,0.593814166692587,0.516362427518918,0.546302305964323,0.524902349481216,0.437496200203896,0.568885126939187,0.60208939245114,0.495709894368282,0.527051242498251,0.577347319286603,0.451343648708784,0.529055558718168,0.59235668870119,0.625714388031226,0.469499784593399,0.457970579656271,0.521287249831053,0.441941026884776,0.533552918296594,0.551220411291489,0.442940220236778,0.645145091872949,0.427364573455774,0.547056453732344,0.622233382784403,0.446226784816155,0.432368630973192,0.533437477854582,0.634110414064847,0.444851321096604,0.41922170153031,0.538300254023992,0.539304796319741,0.436006583273411,0.537047024529714,0.446396545721934,0.486702511516901,0.411003798819505,0.474558484095793,0.423352724657609,0.466126441955566,0.431748056640992,0.501010762957426,0.423519453177085,0.539430946111679,0.572008694593723,0.488115611557777,0.464019177624812,0.57752117399986
0.450989662476306,0.493757840035097,0.529099023567056,0.442252484694967,0.53339063109092,0.455149484692879,0.475709448445518,0.531681327324993,0.447336036079335,0.489990925451495,0.531777829494116,0.45213627421631,0.47001953338677,0.514118433560965,0.476763245632064,0.514313770914977,0.460783272419336,0.47625015422983,0.55719682068195,0.491888186841641,0.444060214285581,0.551027512775277,0.451059659696975,0.488264980181208,0.44076403356948,0.492432030304423,0.554536028853003,0.657255321178796,0.453789522625365,0.564817619773577,0.610720743548195,0.52492926255712,0.554189647143742,0.535161278157864,0.445958323073837,0.577221311488242,0.613066561941831,0.508685448259678,0.53919827600695,0.585665162441866,0.460790783166885,0.537006052035206,0.604740951421126,0.644415094042724,0.477047559787642,0.459349389908449,0.528737152522465,0.453778532878408,0.544718294773462,0.554786588785783,0.458247903945311,0.660334196855437,0.439394523512642,0.559420232502919,0.633242938878401,0.457907090771873,0.443491011295678,0.539539373145913,0.637608309961715,0.452986048077637,0.434761709762069,0.546606680132308,0.547868176451269,0.4495905772695,0.543354939177351,0.457311206268814,0.499064474173312,0.425207325310077,0.477716469539786,0.435353717713986,0.474439763797904,0.437543359005226,0.510160096411435,0.435662155443767,0.550583101668448,0.581787399525912,0.501872287606293,0.479110017700015,0.590822851882791
0.471885486031478,0.498690772169041,0.539338291815992,0.451282355582939,0.548764881098045,0.472366601228714,0.488086115639165,0.544424768888725,0.455630164663747,0.503230435668298,0.546165999938857,0.4614112112882,0.491000947524916,0.522072705457795,0.480229517761266,0.524096551931129,0.481498442730814,0.486460461369101,0.567389223935469,0.50444642721482,0.438170282908206,0.561635489733714,0.461006551980972,0.493566810522439,0.443657659697083,0.500868824293029,0.561715926764146,0.674133011754954,0.463520118088092,0.575507829211793,0.61823999431898,0.53303651146169,0.567651191972337,0.546082724940102,0.464592158794403,0.586673576876802,0.620939777707154,0.51809542696431,0.551427184410815,0.619551813827371,0.474488408498044,0.544775095750701,0.602606475353241,0.662985357473481,0.482820094194052,0.460873156785965,0.535543262958527,0.462163715430026,0.557050241614288,0.564722164621893,0.459767747600124,0.662725067363595,0.455347126947259,0.577491006761227,0.648366104881718,0.470914177737146,0.455561457939868,0.54985026930863,0.635781989907319,0.459353839451412,0.452292677366509,0.557537200315943,0.558323609379103,0.463862952196373,0.563331502226164,0.471826222145332,0.51197711701663,0.440928222435825,0.483553337038688,0.450596837502605,0.478629997316396,0.441789565221319,0.515487638284575,0.444584498427949,0.55861146045181,0.598712980747223,0.509963011966561,0.502176581126339,0.605842071884083
0.47630467624576,0.498637880440112,0.54072810433529,0.4531606088082,0.550885030516872,0.46579725433279,0.488604067652314,0.545958404187803,0.453901186033531,0.500102178366096,0.554357387401439,0.45871073614668,0.489406563617565,0.521324873522476,0.483003576044683,0.529382720589638,0.491385915213161,0.482879024964792,0.567369518456636,0.506341080974649,0.43983434913335,0.556325962146123,0.463742409039427,0.493202162561593,0.439879777254882,0.5001270622015,0.560969359344906,0.675668512229566,0.459474426176813,0.574761690916838,0.611347853033631,0.526281307140986,0.571442618414208,0.542950030830171,0.464496314525604,0.583232460198579,0.619782690648679,0.514502228410156,0.549089692257069,0.624178476907589,0.477215393273919,0.543627772066328,0.603780981567171,0.660899930530124,0.477983257284871,0.455951313729639,0.528573751449585,0.453435299573121,0.558858261064247,0.568841880118405,0.4502015389778,0.656410811124025,0.462871141455792,0.578864568913424,0.629907542908633,0.476093473257842,0.45765360141242,0.549259591985632,0.633902883088147,0.454165970837628,0.457201438369574,0.55433142847485,0.554540572343049,0.469369319853959,0.567309993836615,0.472222004775648,0.512731855114301,0.443230056652316,0.480350683684702,0.456821999616093,0.481539889066308,0.44039002723164,0.517130900864248,0.449095547751144,0.56083932629338,0.596717543072171,0.506384650866191,0.500371753617569,0.602087274745659
0.474386477181988,0.498533494530186,0.53567579677028,0.447178296504482,0.541318999182793,0.455415799733131,0.475914890247007,0.527236165538911,0.444890375098874,0.487591493514276,0.547916487340004,0.451424804426009,0.478086860429856,0.513866917740914,0.479415216272877,0.523913709386702,0.491590156189857,0.476189093724374,0.556042474123739,0.496828095086159,0.437056480396178,0.546354394766592,0.45537006855011,0.485031926824201,0.430853641802265,0.493864538688813,0.551474593339428,0.651657799559255,0.445921076401587,0.566282101696537,0.60559326121884,0.515250856837919,0.562186188274814,0.528347849845886,0.46865394999904,0.572782372274706,0.607871330553486,0.508117968036282,0.537246860804096,0.599404516720003,0.467504003836263,0.530648132485728,0.584397611118132,0.643383769258376,0.472329950621051,0.448995269594654,0.517492550996042,0.447024545842601,0.549405596909984,0.56342829523548,0.438661516674103,0.634261768671774,0.460477299267246,0.558989267195425,0.604865868245402,0.467706495715726,0.448092600030284,0.538035438906762,0.612128585577011,0.444006733355984,0.459073584887289,0.543695420026779,0.541922675986444,0.470956912925166,0.539958915402812,0.46148847908743,0.504320048997479,0.441410287253318,0.474775994496961,0.44642311526883,0.474124044179916,0.43330536686605,0.513360003790548,0.44173945390409,0.546585843447716,0.590388337450643,0.500522857712161,0.499699954544344,0.5911873309843
0.462326778698776,0.493812488802409,0.52711625725536,0.441440574698529,0.530813025215925,0.446246633085154,0.453772522130255,0.50620729791916,0.436387802079573,0.477096926862911,0.539077215275522,0.440006980956611,0.465548813343048,0.504895365844339,0.473222938129457,0.506139032921549,0.487366407099417,0.470653052552272,0.545128328315282,0.482642670304088,0.442258114026765,0.536101127074937,0.449445890168012,0.481419895159996,0.418779117576147,0.481732280577643,0.541931310447596,0.634489414045366,0.433561333660352,0.556788933984304,0.601282147027678,0.50340031264192,0.551740912057586,0.51624187170449,0.458875751091262,0.560861163220163,0.591631509489932,0.501652297327074,0.525670451633001,0.570427058611886,0.459126747765784,0.521515096648265,0.573941447977292,0.630481871507936,0.468550495171951,0.435742810115976,0.508738830433053,0.456730915328204,0.537716136140338,0.555800482378168,0.433732527797505,0.626342029894813,0.449961196568053,0.53747627694728,0.58795559709355,0.45399395641634,0.438517633636119,0.526141450566761,0.599170441344633,0.436206924713264,0.445464331719835,0.528343302718664,0.535274035849814,0.464826556585603,0.510717599068658,0.449365125369217,0.493174545340619,0.435498877096984,0.47064976217383,0.425048964003385,0.46145693023326,0.422426882941844,0.505508502661172,0.434651496551805,0.532400347418704,0.573981403294256,0.490694924431332,0.48368461455329,0.583299063524957
0.466805690321429,0.49598670930698,0.529795749434109,0.435378059231002,0.531332896701221,0.443378599553273,0.450922461933103,0.496983834381761,0.434304370448507,0.478900369385193,0.534264617952807,0.437588388036037,0.465617354060042,0.502785283943702,0.470703893694384,0.496568734275884,0.490884519342718,0.47067828476429,0.55185113076506,0.48192631581734,0.449866079564752,0.540126338087279,0.45009771965701,0.47726180378733,0.419262263281592,0.484712650549823,0.537651464856904,0.62289926512488,0.430079518207188,0.555967995832706,0.60189384119264,0.507765362488812,0.554266600773252,0.515550802493917,0.453781183423667,0.561704409533534,0.592324891994739,0.497191276015907,0.522894547931079,0.56926238742368,0.460262042695078,0.529819744414297,0.566484022757103,0.632821980221518,0.467635923932339,0.442373966862415,0.511248646111324,0.469396302412296,0.527765037684605,0.548818841062743,0.43486706501451,0.616302714265626,0.44386254867603,0.530887469135482,0.587709000398373,0.454371493952028,0.438917754539128,0.523580684744078,0.598878212016204,0.443105266011994,0.438367169992677,0.528231538575271,0.537867940705398,0.467836986841827,0.512528964671595,0.446609024343819,0.496010095394891,0.434782317486303,0.476060250709797,0.426050664535884,0.459670439362526,0.419752561326685,0.501636674178058,0.437645595649193,0.534644158749745,0.571300197264244,0.492035361199543,0.478772096078971,0.587877031030326
0.454014617879436,0.484461812478191,0.514146290860086,0.422654313861199,0.515519711206544,0.437385199204931,0.431098347002605,0.479459764822474,0.424105334394383,0.468692569800143,0.517983092451995,0.426416530924023,0.455097586478827,0.48766802391916,0.457377233595218,0.475780156423461,0.481643512001577,0.460847182656234,0.542684106331951,0.468535528992707,0.445602339955996,0.531840180451015,0.439190116131081,0.458316741686947,0.414188492410588,0.474542001508317,0.528119112523097,0.615684200007961,0.422825530452548,0.543513621924058,0.588853126426913,0.497123590055502,0.545981142880782,0.504097127689506,0.440033574711602,0.549470871124627,0.580851373807439,0.484920751373723,0.506769897802821,0.557050261857375,0.450035580486622,0.519072096302824,0.557500571574805,0.619287502090886,0.452214286574778,0.436099001821482,0.503916580159709,0.462069550775132,0.505517428776003,0.525458511316551,0.428000752655965,0.604293611814391,0.420127438486747,0.519906211574123,0.575789820473149,0.443466656050592,0.429551168432776,0.512675945488912,0.590554326210382,0.436521234939683,0.41577629491968,0.522344640965732,0.522666752338409,0.459946447385932,0.51215301088567,0.434870240823278,0.483499403832094,0.424302399720786,0.466747659557271,0.41825443731164,0.450748182692618,0.407737879258282,0.490472956086105,0.427151494993354,0.523011739523906,0.553620570110825,0.486408816755943,0.455310175441346,0.57646297396354
0.462663847093399,0.489755881520418,0.521988411362355,0.432390791292374,0.524109929800034,0.452000254048751,0.438872441076315,0.487111671039691,0.430919897097808,0.481726965652062,0.528354659676552,0.43158642661113,0.461667139942829,0.495507640334276,0.46468138637451,0.479007876836337,0.4834085009419,0.464118519081519,0.555018035265116,0.477379241241859,0.456120638893201,0.537664922384115,0.447541964168732,0.461926507262083,0.424054886859197,0.482153534889221,0.534332804954969,0.621357851303541,0.430237790712943,0.549070358276367,0.603536376586327,0.502870787794773,0.559507245054612,0.514183155619181,0.447457155929162,0.553367207829769,0.588885011581274,0.497015837293405,0.511906304038488,0.572284638881683,0.4623060214978,0.528716755601076,0.56274202809884,0.624048468012076,0.460944704138316,0.454085900806464,0.511500135064125,0.479790281790953,0.511164336250378,0.530091988352629,0.434793254503837,0.611446191485111,0.42514274842464,0.53319494999372,0.586596764050997,0.448839739538156,0.439944076423462,0.520960404322698,0.601697000173422,0.445704865914125,0.425268760094276,0.535327446002227,0.524373177152414,0.470832627553206,0.534963510357417,0.441795753744932,0.494265442857376,0.429704404221131,0.474200982887011,0.428351484239101,0.466742581472947,0.416350089586698,0.496521302713798,0.436691960463157,0.534032375766681,0.55772377206729,0.501354954563654,0.46205212863592,0.58488244162156
0.466920695900917,0.491749166846275,0.528464078903198,0.442674406766891,0.53409957408905,0.454623883366585,0.442576761841774,0.492050117254257,0.438480977416039,0.492424368858337,0.536870045661926,0.439424220919609,0.46945021212101,0.502074877023697,0.468756046891212,0.49163532435894,0.492108504772186,0.470613211989403,0.55764973282814,0.487165707945824,0.468957260847092,0.545841971635818,0.460277921557426,0.465018642544746,0.431193218231201,0.487845876216888,0.54391903936863,0.633209300041199,0.439314612746239,0.558585388660431,0.616113855838776,0.508910648822784,0.567726293802261,0.522314097881317,0.460731700062752,0.560053632259369,0.603479063510895,0.509131736755371,0.521581439971924,0.593206017017365,0.46812441945076,0.539142874479294,0.576072863340378,0.634478995800018,0.468103754520416,0.474010314941406,0.516450774669647,0.495611284375191,0.518554738759994,0.541060181856155,0.43775866150856,0.61361164689064,0.433142422437668,0.547715207338333,0.597256484031677,0.451421136856079,0.44654732644558,0.530258331298828,0.62406637430191,0.454431991577148,0.43106988132,0.54520390868187,0.537093609571457,0.475962646603584,0.549660857319832,0.446248571872711,0.503825936317444,0.434737657308578,0.479925286173821,0.433271034359932,0.475190568566322,0.418909711837769,0.499748954772949,0.443203523159027,0.545838679075241,0.564326382875442,0.513100167512894,0.472580490112305,0.596682789325714
0.467370796416487,0.489515365766627,0.531837136617729,0.444228193057435,0.534726597368717,0.453544894499438,0.448018100112677,0.500286216182368,0.447984582611493,0.489364111529929,0.53614054620266,0.442848971379655,0.473221890628338,0.500679720725332,0.463631835366998,0.49991554713675,0.490609887987375,0.470439252044473,0.547194094530174,0.481795524912221,0.472145919821092,0.540998719632626,0.460445664290871,0.468701508960554,0.434181606130941,0.488709228379386,0.548672316862004,0.629659079015255,0.440084796398878,0.560773795204503,0.618097129677023,0.500574792602232,0.563981458544731,0.521656310984067,0.466136083006859,0.561022123055799,0.604296048837049,0.506866489137922,0.521986087518079,0.588015238089221,0.466011753039701,0.537432750420911,0.57159245546375,0.633140205272606,0.46871739040528,0.475816028458731,0.512614686574255,0.486198415181467,0.520814027105059,0.546447016298771,0.442684328449624,0.609383905572551,0.438673918800695,0.549072410379137,0.599654447819505,0.453390302934817,0.448082453970398,0.529690377414227,0.622850850224495,0.455056365579367,0.433284968137741,0.542224041053227,0.536026634275913,0.462112130331142,0.55329264487539,0.445964445493051,0.506894708744117,0.43794374274356,0.480366140071835,0.433849543333054,0.46777565191899,0.414380306644099,0.503830462161984,0.444204973323005,0.548379601112434,0.568678241755281,0.511813631547349,0.471945200647627,0.593778518693788
0.464080376923084,0.481867179771264,0.525619700551033,0.439708856244882,0.525552360216777,0.437779627243678,0.440166968107223,0.493541265527407,0.450482412676016,0.479747435947259,0.525729335347811,0.434738550086816,0.469760236640771,0.494926025966803,0.459608290592829,0.500886735320091,0.488184778392315,0.460566255946954,0.535682956377665,0.471641370157401,0.462488896648089,0.528290947278341,0.45453817298015,0.467530715465546,0.433819477756818,0.483725076417128,0.54481659134229,0.632881914575895,0.430960136155287,0.553736605246862,0.619503378868103,0.486438399553299,0.548096291224162,0.511113458871841,0.465125498672326,0.560118998090426,0.595253001650174,0.499768199026585,0.512505687276522,0.571223951379458,0.457804986834526,0.527886706590653,0.563293353716532,0.622148032983144,0.461351907253265,0.458182988067468,0.502088219920794,0.470207930107911,0.512919635574023,0.542428216338158,0.438648970425129,0.594269656141599,0.433940962453683,0.540858817100525,0.594181976715724,0.449857846399148,0.445841566721598,0.518041130900383,0.608186666170756,0.449015220999718,0.429818086326122,0.530209854245186,0.526955586671829,0.448491513729095,0.543215618034204,0.436956732471784,0.496887260178725,0.430641061564287,0.476131848494212,0.41677403897047,0.455341104666392,0.406748693188032,0.49714741508166,0.438026809195677,0.540019471446673,0.56590122282505,0.497558931509654,0.475151282548904,0.58481897910436
0.440875608187455,0.460911836990943,0.505530901138599,0.417271097806784,0.50270842222067,0.416086025421436,0.424042334923377,0.471942827334771,0.435429855951896,0.455604689396345,0.502542279316829,0.412085085190259,0.448387679228416,0.474933850765228,0.441839184210851,0.47827591070762,0.467017413102663,0.435312791054065,0.512845710607675,0.449074826790736,0.435182811663701,0.500079319110283,0.436829401438053,0.448451191645402,0.415888197146929,0.465078745438502,0.517633418853466,0.618217014349424,0.414693278532762,0.525018794719989,0.592496020977314,0.467047811929996,0.519136666334592,0.485104329769428,0.444936147102943,0.542328389791342,0.573515381262853,0.4801672573273,0.488721726490901,0.538100288464473,0.440810529543803,0.502293431758881,0.539788058170905,0.593716265605046,0.435463840227861,0.429376863516294,0.480154567498427,0.433917847504983,0.487873402008644,0.524920027989608,0.420763622797452,0.56711227618731,0.412595239510903,0.514926050259517,0.570975192693564,0.431782123675713,0.427091935964731,0.491009852519402,0.563924521666307,0.426905423402786,0.406833336903499,0.500796092473544,0.505346550391271,0.426435637932557,0.52337855559129,0.419846937748102,0.473029208641786,0.414330518245697,0.459029607130931,0.387777315653287,0.426521326028384,0.392243404113329,0.469197512589968,0.418932021122712,0.518881459419544,0.54488740334144,0.473289396212651,0.45548476255857,0.55637143942026
0.454249771814498,0.489079046817053,0.53669625142264,0.433810890667022,0.521943190741161,0.428512120530719,0.442839799892335,0.503740557129421,0.456717621712458,0.471495451908263,0.525203949875302,0.431875436551987,0.463865547426163,0.498205991018386,0.464969564051855,0.495534498067129,0.495570580637644,0.453934911224577,0.548050006230672,0.477583444307721,0.449096726519721,0.522703620176467,0.457385855061667,0.467733359526074,0.440561846608207,0.488653144193074,0.540922725957537,0.654055006920345,0.437869819856825,0.545958597508688,0.614649531387147,0.496606418537715,0.535369353634971,0.508453211614064,0.46558000975185,0.569516426041013,0.601905018564254,0.504750114584726,0.517897807416462,0.550316415135823,0.473932819234,0.530430551559206,0.563644149000682,0.625005341711498,0.452510094358808,0.448180354776837,0.502496537708101,0.446258083222404,0.512494271709805,0.561482972568936,0.444544558487241,0.604696184869796,0.427983158164554,0.534796654705017,0.606391379757533,0.45418143461621,0.444894631230642,0.51613858389476,0.573883383047013,0.446704475179551,0.420646134823088,0.521147044878157,0.533484160900116,0.450723559610427,0.538828811002156,0.445325655596597,0.495163593027327,0.432170627609132,0.482966222460308,0.405500802255812,0.446590790199855,0.41243522886246,0.486415163865165,0.438629848616464,0.544613623429859,0.567824490486629,0.494729964506058,0.473724873766067,0.581201692422231
0.428907566765944,0.473279108603795,0.518467389543851,0.417151439686616,0.500288452704748,0.413270047307014,0.428239107628663,0.487951330343882,0.435288764536381,0.454021374881268,0.503910499811173,0.41314344505469,0.443847969174385,0.478882448375225,0.45564387490352,0.477327891190847,0.480889751513799,0.431179927786191,0.529517002900441,0.471909312903881,0.429788063466549,0.50252491235733,0.438941065470378,0.456795706351598,0.425144976874193,0.471681319177151,0.510577075680097,0.62236418624719,0.423475359876951,0.526386508345604,0.583824224273364,0.479014605283737,0.514197426040967,0.485795150697231,0.457457449535529,0.542944076657295,0.577655179301898,0.487004379431407,0.505057283242544,0.524414683381716,0.463992335398992,0.515000952283541,0.542829928795497,0.602114135026932,0.437570401032766,0.433709871272246,0.487479852636655,0.423294825355212,0.493604024251302,0.549773431817691,0.433057102560997,0.583828363815943,0.407672987381617,0.518370411793391,0.588235937555631,0.43476308186849,0.429543128609657,0.496697533130646,0.540908230344454,0.432457379003366,0.403109104931355,0.501730839411418,0.5150205463171,0.438972636063894,0.512439851959546,0.431441298127174,0.477683461705844,0.415028371413549,0.465796833733718,0.393708120286465,0.418668980896473,0.396635101735592,0.470668840905031,0.422682337462902,0.524630628029505,0.549762683113416,0.474922464291255,0.449319768945376,0.560737864176432
0.45822086069319,0.510887560579512,0.548821634716458,0.453111825386683,0.537340088685354,0.453519588046604,0.455233008331723,0.509494439760844,0.457575702667236,0.490554967191484,0.539466027418772,0.449832752015856,0.477055735058255,0.509865293900172,0.495790875620312,0.500799845986896,0.506957719723384,0.459956942001979,0.569812293847402,0.510525146457884,0.455679968992869,0.534974896907806,0.467701749669181,0.501260252131356,0.458287803332011,0.499848020739026,0.544020350774129,0.638038840558794,0.463166058063507,0.559990072250366,0.61158486339781,0.521212026145723,0.552273780769772,0.516961178514692,0.488036928574244,0.565706566969554,0.618953710132175,0.5210968653361,0.543927425808377,0.570087387164434,0.496387792958154,0.555637198024326,0.580259562863244,0.638636611567603,0.482898691627714,0.465778511762619,0.526184385352665,0.472359195020464,0.523290886481603,0.592631436718835,0.461745654212104,0.616549661424425,0.432255093256632,0.560694440868166,0.624165025022295,0.463384181261063,0.462842603524526,0.531725120544434,0.586709117889404,0.471219535006417,0.435780133803686,0.539638058344523,0.553638209236993,0.459704979260763,0.543045257197486,0.467088621854782,0.51966511938307,0.44451244937049,0.493064663145277,0.423726385831833,0.467208623886108,0.426556316349241,0.51050803926256,0.45459307829539,0.564428987767961,0.582527050707075,0.502973588969972,0.475652304622862,0.598767850134108
0.44988205570441,0.508803019156823,0.542058782699781,0.461999461436883,0.54353901056143,0.46223181944627,0.449364927334663,0.499015961702053,0.45222687186339,0.493366388174204,0.538413009582422,0.465446149691557,0.481951592824398,0.510930477808683,0.510070396539492,0.498868573170442,0.492485005121965,0.458838790655136,0.570393472145765,0.510346048153364,0.461370688982499,0.530086946793092,0.46971526207068,0.509823965720641,0.459213716861529,0.492591945024637,0.539901739511734,0.623953371475904,0.466530630985896,0.559141019980113,0.634199415261929,0.526745135967548,0.549770796146148,0.511127056219639,0.490583221881818,0.551512322364709,0.622071350232149,0.522061461057418,0.546020532265688,0.580530972052843,0.489953658519647,0.545700764044737,0.577083147489108,0.63227357619848,0.487458731883611,0.456893878869521,0.525680634455803,0.468856828335004,0.53087642406806,0.585565470732175,0.452312997518442,0.624169010382432,0.440887292990318,0.562099048724541,0.613314066177759,0.450420637161304,0.460758159557978,0.527826915948819,0.599499482374925,0.476236018614891,0.43993762976084,0.54245548370557,0.549011246516154,0.452615847190221,0.553167366064512,0.479456462157078,0.525899819074533,0.439006953667372,0.49045198238813,0.429631664966926,0.469530636683488,0.427701856845464,0.515802123607733,0.458923164850626,0.563588273830903,0.580371662592277,0.495702154361285,0.485784468742517,0.59888249482864
0.440742595990499,0.510763182242711,0.53743276198705,0.467100449403127,0.545698078473409,0.458574813604355,0.44220959842205,0.480304102102915,0.452425382534663,0.499537504712741,0.538364809751511,0.471009097496668,0.487764411171277,0.510111959775289,0.512437160809835,0.501387352744738,0.47509283721447,0.451902756094933,0.571670550107956,0.508466524879138,0.464339662591616,0.524850871165593,0.472885439793269,0.512820318341255,0.458581852912903,0.487852660814921,0.54869692325592,0.613784650961558,0.465852479139964,0.562553938229879,0.640846282243729,0.527480907241503,0.552501994371414,0.504740062355995,0.486665297547976,0.543149463335673,0.650131052732468,0.51722184419632,0.543082280953725,0.609094230333964,0.484938321510951,0.535687106847763,0.568958745400111,0.622403844197591,0.483310363690058,0.45419008731842,0.523466525475184,0.463677391409874,0.532547812660535,0.575875775019328,0.43990197579066,0.621777458985647,0.44908126493295,0.56039688984553,0.606870309511821,0.441457719604174,0.459763989845912,0.527661293745041,0.609853035211563,0.4758670459191,0.445829832553864,0.544265409310659,0.546298839648565,0.437905149658521,0.558818334341049,0.486591736475627,0.526685399810473,0.433878336350123,0.491933359702428,0.42940060198307,0.488719115654628,0.430229323108991,0.517134767770767,0.462463270624479,0.562402276198069,0.574057378371557,0.486912170052528,0.491781749327978,0.596651885906855
0.437287964318928,0.508870058938077,0.536573814718347,0.463707343528145,0.54239820492895,0.45509765806951,0.452191744980059,0.46484373588311,0.455595645465349,0.502421151650579,0.537030549425828,0.472682992094441,0.487134175865274,0.509870115079378,0.506912065179724,0.513798420366488,0.460197577351018,0.454218982081664,0.571222267652813,0.503182607261758,0.464738737595709,0.523223312277543,0.4669543614513,0.513645336816185,0.457362777308414,0.485241027254807,0.556057064156783,0.603670706874446,0.465222739859631,0.567914611414859,0.653696659364198,0.523638915074499,0.552537253028468,0.501337725865214,0.48442753678874,0.53875710462269,0.658220959337134,0.514056235551834,0.539455645962765,0.628616944739693,0.477430952222724,0.541471628766311,0.560668763361479,0.614728180985702,0.478852295561841,0.449894876856553,0.517607798701838,0.471907752124887,0.526582879455466,0.569260321165386,0.435751119726583,0.625329870926706,0.457239351774517,0.557199242867922,0.603083265455146,0.431462639256528,0.462287585986288,0.524045059555455,0.610478059241646,0.473212204481426,0.442768827864998,0.550526985996648,0.543512683165701,0.423471846078572,0.556424398171274,0.487889051437378,0.517147526929253,0.425770497635791,0.489736282511761,0.427299871256477,0.533055863882366,0.433537117744747,0.520562684849689,0.461691475228259,0.56072966048592,0.575044500200372,0.481338500976562,0.496830231265018,0.591435614385103
0.406840085983276,0.509631901979446,0.535829812288284,0.453009642660618,0.534077256917953,0.445255145430565,0.449556663632393,0.467791557312012,0.465168781578541,0.510901749134064,0.536860555410385,0.446988798677921,0.476314462721348,0.505838707089424,0.510342374444008,0.54557977616787,0.457586288452148,0.462731197476387,0.575765118002892,0.485319659113884,0.466338694095612,0.516753137111664,0.459025956690311,0.484365500509739,0.452704593539238,0.483399398624897,0.580089867115021,0.601664841175079,0.455582484602928,0.566742435097694,0.632140755653381,0.512692339718342,0.558584004640579,0.496402308344841,0.484789147973061,0.541495233774185,0.594265848398209,0.518420964479446,0.534533724188805,0.650739580392838,0.475937999784946,0.546424373984337,0.563368946313858,0.620330929756165,0.459544241428375,0.457401588559151,0.527263358235359,0.475962281227112,0.485961429774761,0.563412830233574,0.434823423624039,0.641293615102768,0.463419698178768,0.552659869194031,0.605376094579697,0.42042725533247,0.463912650942802,0.539192155003548,0.615216329693794,0.474408052861691,0.443122878670692,0.558299422264099,0.54965215921402,0.402531482279301,0.530871510505676,0.46154872328043,0.503524959087372,0.403017193078995,0.482341006398201,0.417886510491371,0.598442941904068,0.433525644242764,0.516275957226753,0.460582762956619,0.545613333582878,0.581468433141708,0.482585810124874,0.489876970648766,0.580844581127167
0.412714570760727,0.508128464221954,0.548913180828094,0.448538690805435,0.546238541603088,0.405924648046494,0.474826663732529,0.510537624359131,0.469468295574188,0.514744400978088,0.536135315895081,0.453943163156509,0.459336996078491,0.502758383750916,0.490941524505615,0.529770016670227,0.478442788124084,0.475356727838516,0.573182642459869,0.490008533000946,0.465408593416214,0.518239557743073,0.438447713851929,0.476044505834579,0.462737023830414,0.471416294574738,0.617557883262634,0.632135987281799,0.46631720662117,0.586598753929138,0.556635975837708,0.498697698116302,0.558790624141693,0.486108034849167,0.480672061443329,0.555642545223236,0.596725046634674,0.520329415798187,0.536380112171173,0.574385344982147,0.482690125703812,0.547031223773956,0.588420689105988,0.626567721366882,0.465971857309341,0.391452044248581,0.526237428188324,0.518311679363251,0.440031796693802,0.555022954940796,0.459165185689926,0.657095372676849,0.465928107500076,0.557614922523499,0.594513475894928,0.415481507778168,0.457840025424957,0.536586701869965,0.629398465156555,0.47502788901329,0.452539592981339,0.552274763584137,0.534709393978119,0.360875934362411,0.535088896751404,0.462621122598648,0.489005565643311,0.407553106546402,0.495974838733673,0.412484288215637,0.76842737197876,0.415433347225189,0.478419959545135,0.469168394804001,0.538938760757446,0.536148369312286,0.453663229942322,0.310953736305237,0.574038445949554
